PERTANYAAN;A;B;C;D;E;JAWABAN
Pancasila sebagai dasar negara ditetapkan pada…;01-Jun-45;18-Agu-45;17-Agu-45;22-Jun-45;29-Mei-45;B
Pancasila sebagai dasar negara ditetapkan pada…;01-Jun-45;18-Agu-45;17-Agu-45;22-Jun-45;29-Mei-45;B
Pancasila sebagai dasar negara ditetapkan pada…;01-Jun-45;18-Agu-45;17-Agu-45;22-Jun-45;29-Mei-45;B
Pancasila sebagai dasar negara ditetapkan pada…;01-Jun-45;18-Agu-45;17-Agu-45;22-Jun-45;29-Mei-45;B
Pancasila sebagai dasar negara ditetapkan pada…;01-Jun-45;18-Agu-45;17-Agu-45;22-Jun-45;29-Mei-45;B
Pancasila sebagai dasar negara ditetapkan pada…;01-Jun-45;18-Agu-45;17-Agu-45;22-Jun-45;29-Mei-45;B
Pancasila sebagai dasar negara ditetapkan pada…;01-Jun-45;18-Agu-45;17-Agu-45;22-Jun-45;29-Mei-45;B
Pancasila sebagai dasar negara ditetapkan pada…;01-Jun-45;18-Agu-45;17-Agu-45;22-Jun-45;29-Mei-45;B
Pancasila sebagai dasar negara ditetapkan pada…;01-Jun-45;18-Agu-45;17-Agu-45;22-Jun-45;29-Mei-45;B
